{"cameraMode":{"drawMode":0,"name":"Shaded","section":"Shading Mode"},"sceneLighting":true,"audioPlay":false,"sceneViewState":{"m_AlwaysRefresh":false,"showFog":true,"showSkybox":true,"showFlares":true,"showImageEffects":true,"showParticleSystems":true,"showVisualEffectGraphs":true,"m_FxEnabled":true},"in2DMode":false,"pivot":{"x":29.988622665405275,"y":25.786760330200197,"z":69.49253845214844},"rotation":{"x":-0.09430435299873352,"y":-0.8974730372428894,"z":0.36267557740211489,"w":-0.23304979503154756},"size":7.590756416320801,"orthographic":false}