{"cameraMode":{"drawMode":0,"name":"Shaded","section":"Shading Mode"},"sceneLighting":true,"audioPlay":false,"sceneViewState":{"m_AlwaysRefresh":false,"showFog":true,"showSkybox":true,"showFlares":true,"showImageEffects":true,"showParticleSystems":true,"showVisualEffectGraphs":true,"m_FxEnabled":true},"in2DMode":false,"pivot":{"x":-26.120603561401368,"y":10.884346961975098,"z":52.17790603637695},"rotation":{"x":0.10512395948171616,"y":0.8854814767837524,"z":-0.3813001215457916,"w":0.24457497894763947},"size":16.478334426879884,"orthographic":false}