{"cameraMode":{"drawMode":0,"name":"Shaded","section":"Shading Mode"},"sceneLighting":true,"audioPlay":false,"sceneViewState":{"m_AlwaysRefresh":false,"showFog":true,"showSkybox":true,"showFlares":true,"showImageEffects":true,"showParticleSystems":true,"showVisualEffectGraphs":true,"m_FxEnabled":true},"in2DMode":false,"pivot":{"x":35.743675231933597,"y":1.0591320991516114,"z":58.52075958251953},"rotation":{"x":-0.0014164141612127424,"y":0.9500364661216736,"z":-0.31281957030296328,"w":-0.010619244538247586},"size":15.801993370056153,"orthographic":false}